sha256,file_entropy,num_sections,num_imports,num_strings,section_entropy_avg,overlay_ratio,resource_entropy,file_size_kb,import_entropy,has_packing_artifacts,pe_timestamp_anomaly,has_debug_info,num_exports,suspicious_import_count,suspicious_string_count,anti_debug_calls,network_indicators,registry_indicators,high_entropy_sections,has_upx_signature,family,is_packed,is_evasive,yara_only_detection,label
adc8e93d5530541a133f34691291c68f23e6ff5d4f8a777ede8358fb181ec13b,2.521,7,78,316,6.0515,0.0,2.8954,50000,4.8344,0,0,1,16,0,0,0,0,0,0,0,Driver.Signed,0,0,0,0
678e1e86e4cd41dff8a08b1fe236d40ba24ed9f966ebb8df1d5f43201a9696bf,5.166,4,36,218,2.8779,0.5007,6.7673,3984,4.7506,0,1,0,0,6,9,2,5,2,0,0,Trojan.AgentTesla,0,0,1,1
ed383bce15d27bf1abf6bd0b5726d01b15dd86eed8ce7e351101404adc7ceebf,5.3355,4,62,210,3.7654,0.0,4.3597,724,5.2123,0,0,0,34,0,0,0,0,0,0,0,Util.Sysinternals,0,0,0,0
b462aa2181709e327b3c19fa72da4f4d9ba95237161067b4153f9593f8ae280b,5.823,3,41,103,5.6012,0.1853,3.2846,890,3.4531,0,1,0,1,4,7,0,2,0,1,0,Spyware.FormBook,0,0,1,1
526b9c66ff9aea83438c7dc4aab6e075f78d02b42e194b591cdf015e73707927,6.7879,4,15,22,5.9129,0.1306,6.7912,3064,5.2111,1,1,0,1,5,5,0,0,0,2,0,Trojan.AgentTesla,1,0,0,1
46058a440085b8a3c169fd4117ffff075b2d2915f37283f32721f431e6c8f452,6.4495,4,6,39,5.3404,0.3135,7.975,744,3.5218,1,1,0,0,8,7,2,1,2,2,0,Trojan.AgentTesla,1,0,0,1
498e0f902bfcb283fb75ef9a021fbe2a6487dae724601409e954827a6889818e,3.3807,4,72,338,5.9698,0.0,4.2584,50000,7.3172,0,0,0,13,0,1,0,0,0,0,0,Util.Sysinternals,0,0,0,0
cab934919dc2b4759b6d4a76bf702a76dd78695c9c99d6998c7ad3d59832c37e,5.0845,6,28,463,4.4737,0.0,3.1339,16801,5.3924,0,0,0,18,0,2,0,0,1,1,0,Productivity.7zip,0,0,0,0
6b1bfbd2f4480a6c36c6dcff343e2079ddccff6d0448a55fed62e7ea66f75ce6,6.8214,2,47,97,5.7225,0.1636,5.1699,149,2.1363,0,0,0,4,3,6,0,2,2,3,0,Spyware.FormBook,1,1,0,1
a87bc72c2416619c4c98d1e2437b82bd548533d35aff832d6f4f8c9bb08f7ba5,4.7709,7,78,333,2.3709,0.027,2.3649,350,6.4557,0,0,0,10,1,0,0,1,0,1,0,Driver.Signed,0,0,0,0
2528c777d3f2072cbe0d195eefd395ce7af3ad9dd50024283aca923444b8402c,8.0,3,12,66,6.7522,0.0966,5.1911,340,3.8593,1,0,0,1,7,6,4,1,0,3,1,Backdoor.CobaltStrike,1,0,1,1
dadeb17776ee0c22f459abf2801cdf81d07c9771cdeb7fcc08b06b59aac374a7,7.364,4,42,5,6.5597,0.1523,4.8657,6388,4.6145,0,1,0,1,1,2,2,1,5,0,1,Ransomware.WannaCry,1,1,0,1
90fd2db2c1f626f2a279f4970d0b33adcb3eb971c6f6c74c1890aa851f29a90e,7.0776,3,53,64,6.4772,0.1913,5.823,1908,4.0594,0,0,0,0,0,3,0,3,1,3,0,Ransomware.LockBit,1,1,0,1
f0bc0f9980bd32215497bd50f08b177f43184e6f2d25c6c5a399a54beb43ee4a,3.7974,6,81,467,3.3258,0.0322,4.3262,40158,4.8395,0,0,0,8,0,0,0,0,0,2,0,AV.Defender,0,0,0,0
5dbc0cf1119d08fee48cc938daab8a1fb533f9dc96beab346534c1be1dcb4deb,6.8959,4,36,244,3.4968,0.0,6.028,1552,3.8809,0,1,1,1,7,8,1,1,3,0,0,RAT.AsyncRAT,0,0,1,1
feb5e26184d5192674bf65afae2e470339a7f7a74481721beb111d0c1e389990,6.3857,5,72,270,3.5341,0.0296,6.1324,18641,5.6802,1,0,0,25,0,0,0,0,2,0,0,Dev.VSCode,0,0,0,0
13dfaf51f8176dea0ade9c6c92b16d5dcd0bc57d8f9dd4e99a7ab1f99e51b801,4.8112,11,24,508,3.6099,0.0432,4.162,4818,5.6832,0,0,0,10,0,1,0,0,1,0,0,Util.Sysinternals,0,0,0,0
2fb8824ab2b64eed81750bf08e4e70c0f291840a03c11c2a12be7ac94cddf8a3,6.122,3,19,117,7.6225,0.0977,4.527,581,3.2894,1,0,0,0,6,10,1,3,2,4,1,Infostealer.RedLine,1,0,0,1
512873c59b5096b73490c6510379b4f48710d6f078255588b7d1e875e07ff17c,6.9877,2,13,87,6.244,0.2561,4.6576,1259,2.2377,1,1,0,0,9,4,0,2,3,3,1,Infostealer.RedLine,1,0,1,1
a927c82600182aa93fbec5aae5b5b06e422e95f7ae037e3b32a7b4ee584987fe,5.1073,6,30,138,5.295,0.0,5.6265,526,4.2588,0,0,0,1,6,3,2,3,2,2,0,Backdoor.CobaltStrike,0,0,1,1
6f8086068bbb47aa2728c5772e102cd952889607b444aeaacc3cf6140eac4531,7.197,9,47,140,5.2811,0.1631,5.1152,30753,5.0071,0,0,0,0,1,3,0,2,1,0,0,Backdoor.CobaltStrike,0,1,0,1
04796ecb7775519256a2008547ca1875adc8044cb9786c1addd502d8ebc2d3ae,3.2014,5,50,487,3.1955,0.0165,2.5467,50000,5.243,0,0,1,12,1,1,0,0,0,0,0,Driver.Signed,0,0,0,0
844a390dafa94596928038e4212578ce141432621e279d97515b770a094ea7ac,6.4363,7,91,385,3.5266,0.056,3.7105,522,4.6063,0,0,1,7,0,0,0,1,0,0,0,Runtime.DotNet,0,0,0,0
1e58da0fef91c9be15e0f726a22fc740457f62f4dcdae2662156f5e23c416416,7.0819,4,2,5,6.6697,0.2945,5.8006,4676,2.888,1,1,0,0,6,8,0,7,2,2,0,Spyware.FormBook,1,0,1,1
e530ca46e3575066d505843b836998d64e0ed158dbfb272f57072b0d9dd713da,3.7435,5,137,75,2.6436,0.0649,6.2866,14970,4.5088,0,0,1,14,1,2,0,0,0,0,0,Runtime.DotNet,0,0,0,0
f18b1693a20308548155906d25b2265d1cc258168da7473669397a5996d4d780,5.8004,5,22,35,4.3045,0.0,4.8902,2459,4.3921,0,0,0,2,3,2,0,2,0,0,0,Ransomware.WannaCry,0,1,0,1
29eef1e9ad6e57a18396949a357cecd80d49d48bb62412d939a8965ff148bedb,5.696,9,25,82,3.1158,0.0375,4.2453,50000,4.5402,0,0,0,0,0,1,0,0,0,1,0,Media.VLC,0,0,0,0
a0fdcc90ea0d5a024f34b7eea7d66e337416e0000df00946471f4c72a352a891,4.5436,5,67,340,4.3274,0.0462,2.5254,2067,4.6664,0,0,0,0,0,0,0,0,0,0,0,Runtime.DotNet,0,0,0,0
2e81c9cd93b4a54b1a2100abbb988eeca6fad387e081c2e02c684489a1e4e430,7.0181,3,2,130,6.1113,0.2528,6.3499,4036,4.3578,1,0,0,0,6,6,2,1,2,1,0,Backdoor.CobaltStrike,1,0,0,1
3700fd7b3b3e97636768ce4ebfb47e82832f126dddf8b005ea19f22851b87953,6.8249,3,2,5,5.1255,0.2714,7.579,50000,4.0742,1,1,0,0,7,2,1,2,1,1,1,Spyware.FormBook,1,0,0,1
22271f6d91f132ea0951714d348bc54f0b0a3f586d9eb2837dbb27e69311f92c,4.476,4,86,396,5.112,0.0,4.5971,50000,5.3863,0,0,0,16,0,1,0,0,1,0,0,Dev.VSCode,0,0,0,0
e3cada35b655d08a75ea3c77af0e0ea22a63913c23afdb890ec568ddc1fb791f,4.025,8,95,283,3.2726,0.0289,4.1948,25722,5.749,0,0,0,9,1,1,0,1,0,0,0,Runtime.DotNet,0,0,0,0
92e903f7cf9dd045cf38eb3bb383ca2471975e71578a6c70703f81e1383074e0,7.1571,5,8,42,6.1825,0.2045,6.4599,364,2.5517,1,1,1,1,3,10,4,3,1,3,1,RAT.AsyncRAT,1,0,0,1
55710184aa91d876d89fa043580e258d304483b2f9d13c9c2818044626829e54,5.5145,4,27,71,8.0,0.1121,2.4637,2055,4.4909,0,0,0,3,4,0,0,0,1,0,0,Ransomware.WannaCry,1,1,0,1
d19de071e2592ed2d0d4f7c19e88d8be5888a421e7f6f8e2fb10003bb759efa6,5.6636,6,53,5,5.3903,0.0592,5.4775,1798,5.8117,0,1,1,0,7,5,2,2,0,1,0,Trojan.Emotet,0,0,1,1
c3a474b23ea2939b1a1b13730c3d72fa55188f3b9f3a1348c3933a76a31bcedf,6.2499,6,47,185,4.7192,0.246,4.6883,30983,4.7639,0,1,0,0,3,8,0,5,1,0,0,Ransomware.WannaCry,0,0,1,1
4ffe91e93c9c2b3db269d453780ace9c59d0d3498305bf9a3e1d4f10535d5edc,6.6601,2,23,21,5.2005,0.5128,6.6228,15568,4.1495,0,0,0,0,0,0,0,0,3,1,0,Trojan.AgentTesla,1,1,1,1
07e4253503a87a36066681327e46f4f9b608fbc6001c3c9a969b7d9f71379ffd,4.3701,3,71,265,0.5776,0.0816,5.1332,9160,5.5151,0,0,0,26,0,2,0,0,1,0,0,Windows.System32,0,0,0,0
dc7678706f575c22499b870e946dd98c847ba9389e5750aa6ea0c48cdcab8bcb,7.4008,4,18,60,6.8056,0.3388,5.0752,1414,3.5917,1,0,0,1,9,4,0,4,2,2,0,Trojan.Emotet,1,0,1,1
17670eaff783657a755165c9cd9acecee5a0cebf08bb2bc72e27b62e43c6129d,4.9333,4,53,528,5.38,0.0129,3.569,3539,6.4382,0,0,1,0,0,2,0,0,0,1,0,Driver.Signed,0,0,0,0
6e4734005ba025a341f9c508f3528c63ff6653635798d6971c8a1d3c6fd22451,5.0686,2,75,94,4.6009,0.0,5.8689,8608,5.5744,0,1,0,1,4,7,2,3,4,1,0,Spyware.FormBook,0,0,0,1
190aaa7ea0ee69dcc52fc1abf283e0eedccdaa27fa316a2a8a541736ac4db22b,5.71,2,36,154,4.9439,0.0,7.0188,966,5.6725,0,1,0,2,6,6,4,1,3,0,0,Infostealer.RedLine,0,0,1,1
435b84fb731110192ca0791b4818919d5d81c8a7e4bc9f61351f1f3d8af3d2e9,6.6326,3,47,185,4.5322,0.2364,5.3199,3509,4.6442,0,0,0,0,1,0,0,4,0,0,0,Ransomware.LockBit,0,1,0,1
7820dafefdb241d19c08b486399e343a733d82801ad8e156cb91184b2babf6c8,5.9186,2,38,104,4.138,0.2154,6.8096,6580,3.8169,0,0,1,1,0,5,0,5,2,0,0,Spyware.FormBook,0,1,0,1
3e25665df46eeae052d8ec11438db06723c46cfff0ca04ffa7b4eb03a2cecc9c,6.0532,3,34,120,6.0079,0.4736,5.6784,1923,2.9479,1,0,0,1,5,6,2,4,2,3,0,Trojan.Emotet,1,0,0,1
040dbe6cf4e1f7a61d271b944e8d71e682cc3e65194fa8373892ae881e9292e1,3.9055,6,49,364,2.4091,0.0,2.9258,14433,5.1819,0,0,1,10,0,0,0,0,0,0,0,Dev.VSCode,0,0,0,0
2a4abc9d7c3c39b7424852eecd229b911740069a9f684c65dadfd463c2b02256,5.4494,5,118,149,4.5622,0.0018,6.0791,50000,4.8867,0,0,1,4,0,1,0,0,0,0,0,Runtime.DotNet,0,0,0,0
6b887391ac2c50d369576f40f410a96f092f9aacc6c03d23febb3029a331193d,5.4683,4,53,150,4.4073,0.0136,5.394,1842,4.5671,0,1,0,2,9,9,1,5,1,1,0,RAT.AsyncRAT,0,0,1,1
2f721fb6542987accd227e8e7b27ed38fadacd96579f69c58286e9b1f91117fc,6.6809,2,2,90,6.9941,0.1822,4.9359,4211,3.107,1,1,1,1,5,14,1,3,1,1,1,RAT.AsyncRAT,1,0,0,1
4cf49c61e356249e22f21b0fd9c3cc448038ae95f1fd869caa4cc674eee13d63,5.027,5,81,586,4.884,0.0461,2.8167,3638,6.2642,0,0,1,1,1,2,0,0,0,0,0,Runtime.DotNet,0,0,0,0
22f1bd1de095f35c9c23bbf382d56aa5cca860a87b42d889a30d9f8bd8201a12,4.5301,9,123,682,3.6251,0.0289,1.225,50000,4.5658,0,0,0,2,0,0,0,0,0,0,0,Productivity.7zip,0,0,0,0
bda3ebe00245b85184c2ebcab23edf4b11374e1d9f9a849fbd5bc73a552a6820,7.5568,2,41,36,5.809,0.2036,5.7666,1599,4.6302,0,0,0,2,0,1,0,3,2,0,0,Ransomware.WannaCry,1,1,0,1
4e416bd0667b291b713bfdc34d9bb5c54e93865cc84d1d53db63aff0a23fb4dd,7.1091,1,5,117,6.3019,0.0343,6.6031,1250,5.186,1,1,0,1,8,6,3,4,3,1,0,Ransomware.LockBit,1,0,0,1
34ec3833f007b8228f28ab2f0fe5e990d9596168f74f2c1fe34e051ea242a710,6.4481,8,135,503,5.4742,0.0514,3.7173,18826,5.2189,1,0,0,23,1,0,0,0,0,0,0,Windows.System32,0,0,0,0
1abfdbfbd36f6a7139091159b1b75f7d5d3707924634079cac0091cb27f60732,7.3163,4,49,74,6.2938,0.2406,4.5952,2069,1.9763,0,0,0,1,0,0,0,1,4,0,0,Trojan.Emotet,1,1,0,1
21a3b4f7b48d4bb4163e433b82a03cc1812827b6f4a1aaaa68ed8dd1535ddef3,4.528,2,64,340,2.6883,0.0045,5.7953,50000,4.7603,0,0,0,5,0,0,0,0,0,0,0,Browser.Chrome,0,0,0,0
b0079f1f6197837c4e4bbb1cc7af3ad8b4632e49e23772ffcac0d01de4bf0252,7.1155,1,23,97,6.3538,0.2224,5.5221,4683,3.0142,0,0,0,2,0,2,0,1,0,2,0,Infostealer.RedLine,1,1,1,1
aa5cbcf2d61e72b3c29869d36b18f4cf7612671aaaa7347ec2da9346f8cbdd49,5.5691,3,101,375,4.4086,0.0,2.1574,50000,4.7413,0,0,0,16,0,0,0,0,1,1,0,Driver.Signed,0,0,0,0
5bc19c98081626add8f97b986167183595f248a91d9a04207d5a7aa1b39043bf,5.371,4,43,166,5.3927,0.3315,5.2877,1055,3.5586,0,0,0,0,0,1,2,0,2,2,0,Backdoor.CobaltStrike,0,1,1,1
f489833b544f886caa77069366f901171e80ff6a798db8203fc2075cc8373f55,5.9901,5,70,294,3.7171,0.0,4.2819,32177,5.6344,1,0,0,0,0,0,0,0,1,0,0,Productivity.7zip,0,0,0,0
857b6afd89dd5fc74de3c78f0546c600fee09824ce5dcfef447cacc3c7fa97e9,7.0499,1,14,79,5.4045,0.2731,5.5699,674,3.822,1,1,0,1,7,11,3,1,0,2,1,Trojan.AgentTesla,1,0,0,1
a70ac162dbe261f014e4d41fb548848fa5b6d909e3a088db17633d0ec7072331,6.4253,3,92,417,3.1432,0.0,3.0753,10492,4.5324,1,0,1,6,0,0,0,0,1,1,0,Driver.Signed,0,0,0,0
f12c196f33f832c4a0a3c1c1dd5c96100bab40575864698c4795a7da92c678ed,5.832,4,3,187,5.6922,0.2777,7.3505,40453,5.3554,1,0,0,0,8,11,2,5,1,1,0,Trojan.Emotet,1,0,1,1
835b5c3955751404e8b2792ea96ff45564869a9c33a406b1201430cd0b3a161b,2.91,7,101,261,3.9359,0.0786,2.7414,2681,6.6853,0,0,1,18,1,0,0,1,0,0,0,Microsoft.Office,0,0,0,0
db2136eff422a7fe444fb71d079a35df59e452ad902394d6c915eaa3c21f5687,7.0869,4,13,113,5.7344,0.4614,8.0,1859,3.099,1,1,0,0,8,12,1,3,1,1,0,Ransomware.LockBit,1,0,1,1
94aaaac090506a820b3c42b20aa63a9de70b602b5e501ca2c63853abec292089,6.6741,2,31,87,6.6103,0.5748,4.7278,9958,3.5513,1,1,0,0,6,12,2,5,3,1,0,RAT.AsyncRAT,1,0,1,1
c5a15fb52a067a9a26ee5cb0cdee3345606d6674ed6f279ebbbed9626b0c4b5e,8.0,2,4,112,6.8137,0.527,6.2007,1868,4.0316,1,1,0,2,8,10,2,6,3,2,1,Infostealer.RedLine,1,0,0,1
97a916261195ffcadc6b9c8276094bb629b03440ade57a7d658ba5b572e80d44,7.6347,2,31,69,8.0,0.1466,7.5832,3855,2.9137,1,1,0,0,5,7,2,5,1,4,0,Trojan.Emotet,1,0,0,1
675b3984201340dc030d95250e16167b2e960bddfe398df6ddc868a7f9372504,5.1987,7,44,421,3.5056,0.0454,0.3092,15087,5.0177,0,0,0,0,0,1,0,0,0,0,0,Productivity.7zip,0,0,0,0
02cf24ee735bbf19960513832d0f3744a89496e0278846fdf620c9007a34c406,6.1353,5,60,124,4.5571,0.0,4.9668,4868,5.4813,0,1,0,0,4,10,4,4,4,0,0,Worm.Conficker,0,0,1,1
3101e2759d2b0cdaca1302862f4b5a5e6304cda94af49b750714dfdc6c71bc30,4.8684,7,89,164,4.7561,0.0466,2.3551,19308,6.0467,0,0,1,31,0,1,0,0,0,0,0,Dev.VSCode,0,0,0,0
f340689bb8afbdeae4466df4b6c9e949f2fb9e49d64921c0029ad1f96a873af4,7.3693,1,21,100,6.5388,0.1147,4.4564,12875,2.4295,0,0,0,0,4,0,0,0,2,1,0,Ransomware.LockBit,1,1,1,1
f46959d910728eb5c32c1e5552e33cd924d3ce1a9d656d2b509fd72464c969ff,6.9091,5,8,196,6.7631,0.1214,4.2149,5581,3.2989,1,0,0,0,7,9,1,2,0,2,0,Ransomware.LockBit,1,0,0,1
72e06b6c039659440d2728bc9d73a3e87209059ef2029e6a2c3d0db79c34dee6,6.7438,5,2,18,6.1071,0.0035,5.289,25846,3.5188,1,0,0,2,6,4,1,3,1,2,0,Backdoor.CobaltStrike,1,0,0,1
24456d4f03f4f76f51e573fc7668f1330f700b4c3de3ec3d0fffea9fef668b5c,6.7079,4,30,124,5.5566,0.112,5.2133,1850,4.4474,0,1,0,1,4,12,1,6,4,0,0,Backdoor.CobaltStrike,0,0,0,1
f3b0d38cb2c6a17d581afd5e8c5b26e657bbf4f33cf49cfa8af71958adcdfb6b,6.0028,8,58,133,5.8811,0.0,3.0543,803,3.1163,0,0,0,1,5,8,4,4,1,0,0,Infostealer.RedLine,0,0,0,1
8feced45b506dd22a1d0206c26726e51a46181e7365f74b8d15bcf754857dd2e,4.0698,3,53,139,5.134,0.0,5.6039,2434,5.851,0,0,1,1,6,9,1,3,1,0,0,Backdoor.CobaltStrike,0,0,1,1
e6fccd04d9538744c07a8ed3c5a1363a3e7d734154280bebdf48139879debb4c,6.6868,3,51,188,3.9658,0.0211,1.6105,787,4.5727,0,1,0,2,3,12,0,3,2,0,0,Dropper.GuLoader,0,0,1,1
3ff74fb4cf93184c8b0579bc668d1017a7038cf56d3fdea2ed5d4e97d1b1f8c9,6.2177,4,29,18,7.067,0.3119,6.4865,35095,3.2792,1,1,0,1,4,5,0,3,2,2,1,Ransomware.WannaCry,1,0,0,1
63388d8e7368e859430de7aa71d40270db4d20bddad04559fa698cf7b4bc14eb,5.4504,6,58,309,7.0408,0.0602,1.5506,50000,6.1491,1,0,1,23,0,1,0,0,0,1,0,Windows.System32,0,0,0,0
6885392d1f5409480eb730ffde25146f77d3a4e806fb136f297e6872c7c03fd7,7.7142,3,2,83,6.3792,0.16,5.5838,1806,3.6022,1,0,0,0,7,12,0,8,0,2,1,Worm.Conficker,1,0,1,1
f99a050a4e46883b597476ac50b747602c8b74f97471061d4bfd22d2c057ef36,6.9098,2,14,52,5.6837,0.168,5.4607,1470,2.8584,1,0,0,2,6,7,4,0,3,0,0,Ransomware.LockBit,1,0,0,1
7fc03cbbf895844b3a31b6cf9ccbb7dd21e97df7d22768c369da853cee983c60,5.8344,7,102,163,5.2604,0.0,1.6122,12202,5.2532,1,0,1,0,2,1,0,0,1,2,0,Productivity.7zip,0,0,0,0
74476679bfd430b53d8435fd22fcae737631f0bee5057b95cc52917a8e8bfa6e,6.4316,4,2,151,6.8101,0.1768,8.0,1356,4.1679,1,1,0,1,6,11,4,4,0,1,1,Dropper.GuLoader,1,0,1,1
3f560cfa7ece6e8cb2a3b0d8c179eacefffda806c79f45239f0b4cb4f2b66b8b,6.5696,4,40,6,5.5562,0.3519,4.6236,3949,3.541,0,0,0,0,0,8,0,0,2,2,1,Backdoor.CobaltStrike,1,1,0,1
9bce741249a4590b3962dfc3492094e128664bb8f106feade39b42d6e7e80fbf,3.079,5,33,648,4.8025,0.0232,5.3956,3930,5.9348,0,0,1,20,0,0,0,0,0,0,0,Media.VLC,0,0,0,0
d7ff0e5632ba50c7adbddee9c7bfda0f5bd1b36a428daa87af43d34c0452ec4d,6.1077,6,51,233,4.795,0.1303,4.19,1802,5.426,0,1,0,1,7,7,1,0,1,1,0,Infostealer.RedLine,0,0,1,1
a9ad6511f67982ff4ef81b469be722cdee529dd1f740fe1024fcb63aaf38dbd7,6.6705,3,49,16,5.6077,0.2044,3.885,1027,3.0714,0,0,0,1,2,2,0,2,1,1,1,RAT.AsyncRAT,1,1,0,1
149dc4b9bb93ae87c32571514a06a93f471de2c31616d7bccfbdf6508c50eab8,8.0,2,28,58,6.0446,0.3825,6.2828,384,4.8289,1,0,0,0,8,6,2,4,2,1,1,Infostealer.RedLine,1,0,0,1
0805a705a2651d47f2a516e1d768910974cdd3346ad4073af3c311dc4842631b,5.8062,2,23,5,6.4642,0.0465,6.0597,2845,2.0464,1,1,0,0,8,5,0,4,3,2,1,RAT.AsyncRAT,1,0,0,1
1e3fcd7b75cceff1ec37d4a643f62585270d479f94970f3b8089050cbfb3635d,4.3066,7,41,383,5.1398,0.0046,2.4231,11909,6.4438,0,0,0,12,0,0,0,0,1,0,0,Windows.System32,0,0,0,0
435b954eaab4a66fc7ee6ea377e2f49a54ffc9c140023e478ad211b938063ab6,5.6187,4,43,148,5.4549,0.0378,6.3792,2684,4.8708,0,1,1,3,2,10,2,5,0,0,0,RAT.AsyncRAT,0,0,1,1
67d77be75241babdb92fe75f7d1cf25ca755805a7f2c844b77940459a4296e02,5.0769,4,115,413,3.8434,0.0,1.5263,29906,3.7939,0,0,1,40,1,0,0,2,0,0,0,Driver.Signed,0,0,1,0
3dee59e40853caa268ccc6eb614b87bf98f0eaf560a7da8354678086d63a506a,5.1047,4,81,196,5.0109,0.0518,4.298,34578,6.909,0,0,0,12,0,0,0,1,0,0,0,Windows.System32,0,0,0,0
2094eae1dbe62e457050e1e0fdb11dfc200f7525db5c1ec84ae45ab3a1c02b97,6.3686,3,17,153,7.0554,0.1635,4.4219,5650,2.3118,1,1,0,0,9,11,1,0,4,3,0,Backdoor.CobaltStrike,1,0,0,1
f7d96f2c6315be50249c93cdf3845953afca1d51fb3b228e8d925908dad50122,5.3791,4,33,55,6.4988,0.2786,6.3513,1692,3.9618,0,0,0,0,0,4,0,0,3,2,0,Worm.Conficker,1,1,0,1
1e70b25792ae29545ee343ef5930c796942c1f12b4c1973dd5fdd8cbf5e6d46b,3.1638,7,72,412,2.8497,0.0584,5.0626,50000,5.3964,0,0,1,16,0,0,0,1,1,0,0,Util.Sysinternals,0,0,0,0
7f6a08d995ba4b3b6fef6e9b27d35943e1ed9df1f02bd9493db17d4df7f27c9b,6.7809,2,22,107,6.2796,0.4716,4.13,2317,2.8549,1,1,0,0,2,7,1,7,2,3,0,Backdoor.CobaltStrike,1,0,0,1
a221d7218bdda0aa92c5a79fe96c601830d277bb28bc8f9e33c5d6bcd1e47322,4.7875,4,60,566,2.4178,0.0444,3.0816,10899,6.1323,0,0,0,17,0,1,0,0,0,0,0,Util.Sysinternals,0,0,0,0
77ed922e590d7b309764e998ae524efea2938a5951edaaa28f5ccb077469b138,2.5605,4,88,202,3.8649,0.0334,2.9862,24509,4.7298,0,1,0,9,0,1,0,0,0,1,0,Browser.Chrome,0,0,0,0
b50ed828977e96b80fe2783a487e6e51daffb87fb68fd4534a735d94cc9e7d79,7.2477,2,47,136,5.9893,0.2149,7.3951,8084,3.0775,0,0,0,0,2,0,0,1,0,1,0,Ransomware.WannaCry,1,1,1,1
2f4638125d029e51adea5dbd0ad0d761641e7ecfb9b61f03381763ba31fea2eb,6.5757,3,54,97,4.2386,0.3171,5.2712,3954,5.5831,0,1,0,1,6,8,2,8,1,2,0,Spyware.FormBook,0,0,1,1
b6b0cdee3f4094c8f036b8e211ba0aeb4b2ffff770d743c798ea1f20874613f9,6.4284,5,49,252,2.6014,0.0,2.9442,1436,5.5125,0,0,0,23,1,0,0,0,1,0,0,Util.Sysinternals,0,0,0,0
a1222724cb3c808eb2c32d3a1a8082b7fb9144d39c86fb2ac52b0a43be23e868,5.9637,2,49,191,3.0056,0.0861,6.9732,618,6.3053,0,1,0,1,6,5,1,5,2,0,0,RAT.AsyncRAT,0,0,0,1
567be259e5a7d88981addb21772b4ef3d88c49a07c49a0f9071bce4c7dbca8f5,2.7778,4,81,530,3.2589,0.0,4.4296,5746,4.5483,0,0,1,1,0,0,0,0,1,1,0,AV.Defender,0,0,0,0
41ef944c6de8fa654bbdc95728854a1603005a4c1d497c338e5201e3925169a8,5.2827,2,70,371,4.7346,0.0408,4.3739,4273,3.9736,0,0,1,21,0,1,0,0,0,0,0,Productivity.7zip,0,0,0,0
8c2581eca922354c404920db96c6eb1de405e0ac0ff61d0fdd037079ab2e4add,5.8987,4,126,87,4.2782,0.0343,2.3067,38712,6.5236,0,0,0,0,0,1,0,0,2,0,0,Dev.VSCode,0,0,1,0
a6f44f29d050429ed15eb3fd44414022bc8e17c07fa419093a1d77444b078c86,5.2452,4,52,193,3.7197,0.0,4.9301,1274,6.3889,0,1,0,0,6,4,3,8,3,0,0,Infostealer.RedLine,0,0,0,1
ca3ecfaa4ff1df894aee8ea93a7d7e410bede895a5497928690a96cdfdad8727,7.4688,5,10,110,6.5255,0.1532,5.9337,22014,3.4678,1,0,0,1,9,0,3,4,1,0,1,Backdoor.CobaltStrike,1,0,0,1
dc80810ddd91b901f2dbf53406af42e604ce185e37ea00c07ae4456b93faa2b1,6.8382,6,2,141,7.7099,0.167,6.1828,24758,3.1588,1,1,0,1,5,6,0,2,0,1,0,Worm.Conficker,1,0,0,1
d772e0f4c98ff74c52e1d4c42bd9caf1cabbbee7e1249f68271bd2469b3711a1,6.9935,2,22,107,5.4926,0.0503,3.2966,5769,2.507,1,1,0,1,1,9,5,3,3,1,0,Ransomware.WannaCry,1,0,0,1
68718809db3c9c77551bfd7a2fd7cf2f32af6d7395f0d1c867b0f7700d392ff5,6.4817,5,38,108,6.2768,0.1288,4.5035,5879,3.8766,1,1,0,0,8,9,0,6,0,2,0,Trojan.Emotet,1,0,1,1
9e8669a165fd5bda3a61f76fb247c7ed9f23d33866ba827934b603e3fb6cf87a,6.4647,2,6,196,3.5698,0.0,4.0959,286,5.2873,0,1,0,0,7,6,0,2,2,1,0,Backdoor.CobaltStrike,0,0,1,1
f9e34df35be90e0849c765f01e073cfdf93eacc551c3c335da2792cdaafdc3a4,6.4004,4,44,99,4.7833,0.0,5.8873,1016,5.2674,0,1,0,1,9,7,2,5,1,1,0,Trojan.AgentTesla,0,0,1,1
ac6604104c4cda2a371e1a091ff440d7f2eb864044354a6ded1bebfdcbe12040,4.6647,5,43,174,4.3108,0.0035,3.9745,3664,5.6449,0,0,0,3,1,1,0,0,0,0,0,Browser.Chrome,0,0,0,0
12869129d2f846d7e4b5a88843c23e38616ff3eaaea16c4ebb0cd563078d3cb0,5.6549,5,21,57,6.452,0.0812,8.0,3526,3.5985,1,0,0,2,7,9,2,2,2,3,0,RAT.AsyncRAT,1,0,0,1
f63a665548ed66fcbb80ae60dd5da949e57d466d40e710e18f3dc3523ce52dc7,6.9741,3,41,5,7.6555,0.2657,4.4215,528,3.3298,1,1,0,0,7,7,4,1,1,2,1,Ransomware.WannaCry,1,0,0,1
f729e2bba131e9b81316ecd0ab1411b1aa4e8fedda186f9b30f35e3d762a3b5c,4.5331,6,40,407,3.5751,0.0727,5.8595,7797,5.3793,0,0,1,9,0,0,0,0,0,0,0,AV.Defender,0,0,0,0
27b002b2b8de7b1faa46418e816278a827597b62bd5969523993c8e709afaeee,5.8651,3,125,578,4.6092,0.0735,1.0151,7016,4.9118,0,0,1,15,0,0,0,1,1,0,0,Dev.VSCode,0,0,0,0
6533141687f11c5eec9d9581e611f9e331d82ccd3e96ad927580bb83343e6137,5.9746,7,38,163,5.3471,0.058,4.9643,3836,5.7663,0,0,0,0,0,2,0,3,0,1,0,Worm.Conficker,0,1,0,1
f0a1c9ae428066c9d7879eb4352aee494505933ac5f9cde987840c9c20426f1c,4.1729,7,82,269,2.6906,0.0,4.0245,1078,5.5763,0,0,1,4,0,1,0,0,1,0,0,Media.VLC,0,0,0,0
762e4dbbf8c0ea068ab8222b3f04334b70f3893d03d4d4fee6fd9776fd13b4da,4.6638,3,92,241,3.5851,0.0064,2.316,17806,5.3275,0,0,0,11,0,0,0,1,0,1,0,Driver.Signed,0,0,0,0
e8027fb9e56e64a4a320e9c4c1017d686e3deb14de5679fad7b6eeb4e18bd650,6.3726,7,67,520,2.5831,0.0,2.5871,6959,4.6548,0,0,0,11,1,0,0,0,0,0,0,Driver.Signed,0,0,0,0
a056d72a5ac5f45478320ec73176dbd3d9009c18fb60328945e97a465b850071,5.7932,4,4,67,7.651,0.3845,5.1778,935,1.5634,1,1,0,0,4,7,0,3,2,1,0,Trojan.Emotet,1,0,1,1
e058f019621d3fcf8a4114111facfccc690f069def2a7662ad96ceccf6e2afba,6.4611,5,22,31,6.7692,0.3959,6.2462,387,2.8456,1,1,0,1,5,7,2,4,0,2,0,RAT.AsyncRAT,1,0,0,1
724ab99654cc9a734f00fe184380fe96afa1be7ed8cb79b8160fdda71c57d21c,7.2335,3,27,197,6.5532,0.1737,5.4693,298,2.8748,1,0,0,1,5,6,2,2,3,1,0,Worm.Conficker,1,0,1,1
0107cb8fbedd58375d4a99c4728ec1a6c1cd2c7c6968ccc35a73b1f4a6d5c0f5,7.2094,5,39,159,3.5876,0.0,6.9405,1269,3.8578,0,1,0,0,7,11,3,5,0,2,0,Worm.Conficker,0,0,1,1
867e5830430afc985381aae7fd616b992a94d021f807f1963944869abc2b7b3a,5.7746,3,42,60,6.029,0.1964,5.2835,17759,1.5093,1,1,0,0,9,3,1,3,2,2,0,Dropper.GuLoader,1,0,0,1
0e7728fe49c390040308af9f153dc70afe3e9fd4f91a723858c17fdb0b47c891,5.3666,4,101,255,4.0785,0.0446,3.4496,40885,5.0869,0,0,0,0,0,0,0,0,0,0,0,Dev.VSCode,0,0,0,0
6f5387573e4280f0156f2c96b1d5241843384a0c3b6d2ef24c93b8ec05ad0008,7.5672,3,22,85,5.6227,0.3148,6.4605,7947,4.57,1,1,0,0,7,9,3,3,0,1,0,Backdoor.CobaltStrike,1,0,1,1
9af0a7cfd675f52858deff8b1649cf5d808624f0f990509c5c77a477bf260ecf,7.0967,2,8,35,5.6696,0.3774,5.9284,1211,4.3096,1,1,0,1,6,10,2,2,1,2,1,RAT.AsyncRAT,1,0,1,1
90bf4fda766f4f52ba791ac8b34f7434782fcbf1547b48bd8a47f0fb0e49ae6a,6.0826,4,29,166,3.7389,0.2082,4.9425,3871,5.055,0,0,1,1,0,3,0,2,0,2,0,Infostealer.RedLine,0,1,1,1
7338af9ee4612e012f277cae8aaade0f4d2e68feb0dbcb1f82fd805b40af5da2,4.549,7,73,139,3.7424,0.0711,5.3703,16129,6.2612,0,0,0,0,0,0,0,1,0,0,0,Media.VLC,0,0,0,0
ee2b7af67aa05641ec12ebb241e42d29d84860ce7ed2c3edd668cc66c1464425,5.3274,4,33,134,3.0957,0.062,5.5014,1030,5.3933,0,1,0,1,7,3,0,2,0,0,0,Infostealer.RedLine,0,0,1,1
f0853645d241582b40f954f8ba38ed1c3c94046b941ffeb670e179fb51cfdc78,4.3648,4,89,296,3.6467,0.0422,0.636,50000,5.5581,0,0,0,7,0,0,0,0,1,0,0,Media.VLC,0,0,0,0
cb13a8768ebf5c7d6e4213c8697e3c578ededc6bff8d618599b1fa5c37bf57e0,5.7345,2,5,282,4.4069,0.056,2.8053,8599,6.4231,0,0,0,9,0,0,0,0,0,0,0,Microsoft.Office,0,0,0,0
9569554cadeb7e252ae0d7cdd84aea019b4912429d3d3e76702782391b7020d8,6.4536,2,2,32,5.6264,0.4284,7.2046,1419,2.7509,1,0,0,2,6,6,2,4,0,3,1,Trojan.Emotet,1,0,1,1
e346d3c933de7edeb6a78f9767c3d83561f51f53119d645a96609fb9a3f951fc,5.7062,5,33,182,4.6911,0.0929,4.435,1688,5.4501,0,1,0,0,5,13,1,4,3,0,0,Trojan.AgentTesla,0,0,0,1
1d5c5e2c546b8610b88fc086b2d4f0cad18cb0ffb2a997aee77ab49ac266035c,5.6148,1,47,88,4.8539,0.0716,7.1328,543,2.0824,0,0,0,1,1,7,1,1,1,0,0,Dropper.GuLoader,0,1,1,1
eb07692d5c0c62d4cd261efcbd739149c209da2a6f166aca8a9aba20413db1ac,6.8854,3,31,30,6.6924,0.2197,5.2388,12436,4.2429,1,1,0,1,7,11,2,5,1,1,0,Spyware.FormBook,1,0,1,1
a866d581e48781e02825508cee6b3d0accef172001f1c4aab78cd158c3e83ede,8.0,2,126,306,4.1161,0.0186,2.8636,6465,5.7636,0,0,0,3,0,1,0,0,0,1,0,AV.Defender,0,0,0,0
a0a1a99198ec4f22f7643db21f52b16ee657f151e5db381d0eed1bc596a4b369,7.0792,4,36,110,4.5432,0.0581,4.7502,3083,3.9659,1,1,0,0,4,8,0,2,0,0,1,Dropper.GuLoader,1,0,1,1
a9fbed3c6ef685cf80425cb1caa795d1c06196a69573ace99c172ab76cbd4de0,6.9538,1,26,35,4.7991,0.1858,7.3009,9002,3.1862,1,1,0,2,5,7,5,4,2,2,1,Worm.Conficker,1,0,1,1
74aa906b2c915e0aeb0d17e701c584a86a2683648fe2d836ab25f8236bdaf7c8,6.4527,1,59,110,5.5807,0.5879,6.6781,1954,1.2505,0,0,0,2,5,0,0,3,5,2,0,Trojan.AgentTesla,1,1,0,1
058407ccb87fcf54b444c7bbd861868c1c5dbaad4c476b0d4c34c9bdc9075766,6.6081,3,74,323,5.4478,0.0089,3.3028,50000,5.1506,1,0,1,21,0,2,0,0,1,0,0,Browser.Chrome,0,0,0,0
19b82db3b033ab23ec8ff1fd49242d871360db68cbd1c281ca7deca76e453ff8,6.7114,4,58,63,7.6658,0.043,3.4559,2773,3.8457,0,0,0,1,0,0,0,0,3,1,0,Worm.Conficker,1,1,0,1
93dd62d720ed9543e48b1a87caa7bd9684b30b679338115e984577783df9e326,6.1739,2,29,5,7.0336,0.5364,3.8217,6197,2.9144,0,0,0,1,0,0,0,1,0,1,0,Ransomware.LockBit,1,1,1,1
5085c57b8c3abe98a727140b3f347295fa65ab9a45b83eebf923c1a60c46d329,5.5844,6,64,219,4.294,0.0,3.4799,1045,5.6684,0,1,0,0,9,4,1,3,2,1,0,Worm.Conficker,0,0,1,1
4d2d63566caa30db84d78f49a5a024f2c9b6a2bf385e9c7d165bf7f71a2ea22d,6.5403,1,11,107,5.3128,0.3256,4.8637,1063,3.4037,1,0,0,0,3,6,0,7,2,2,0,RAT.AsyncRAT,1,0,0,1
de2acd6cb6e686e8e5ec4c9373f5e3bc3a029fb9df1a8778cbf12e5b8a54471f,7.9858,3,54,63,8.0,0.5133,5.2012,10541,4.0808,0,0,0,0,3,0,1,3,0,0,1,Dropper.GuLoader,1,1,0,1
82fff14efc47a148280f0041baad2191af14d19419b2674e9ed6e713d49d4aa8,6.1184,4,9,32,6.344,0.3253,6.8409,19595,3.1762,1,1,0,1,3,6,2,2,0,1,0,RAT.AsyncRAT,1,0,1,1
efa7210f00ff7a43596ea5e4601223ad73c169ad7d45cc8965587c9139c74c86,6.7462,3,34,34,5.4724,0.1747,6.5985,4570,3.0232,1,1,0,0,7,8,3,2,1,0,0,Infostealer.RedLine,1,0,1,1
142995cc23ebcc4bebd04c2cd38f5474e51e2c10053c71cfd24dc32ea32af8dd,7.0649,4,2,117,6.5046,0.1877,6.2593,50000,3.6637,1,1,0,1,6,6,0,5,0,1,1,Dropper.GuLoader,1,0,0,1
aa33b061c2182b67d8ee6c9854f41a9004b5b7b27cbd19bef505df3537abc993,5.2222,4,51,121,4.06,0.0666,5.794,1542,4.3761,0,1,0,1,6,3,0,2,1,2,0,Ransomware.LockBit,0,0,1,1
07cac48211fde43c13377b336f75c6c15a0f882095a57427ae1b2ae484f5a175,6.5739,6,54,92,6.2701,0.0,5.8632,1118,4.7423,0,1,0,0,6,8,2,7,2,1,0,Ransomware.WannaCry,0,0,1,1
ae92f41841387cd4ba40ad521b3e5b86c9c27417f6bf828b47dc64d3bd421b98,6.2656,5,122,451,3.6493,0.0044,2.9886,38986,5.5617,0,0,0,8,0,0,0,0,0,0,0,AV.Defender,0,0,0,0
6d2ec2bd1011a5dcc2f163d4d2f8c8a0dd60b7462b11d8e6b692a76f36478fab,4.5323,8,84,379,2.4029,0.0286,2.2521,5716,4.8477,0,0,0,21,0,3,0,1,0,0,0,Media.VLC,0,0,0,0
db32be207d9aa1dacc26a7fcf95f796990beec7c07deafa17d61b2874d42a67c,7.2595,2,2,5,6.1752,0.5158,7.4935,1645,2.958,1,1,0,0,6,5,2,5,3,1,0,Dropper.GuLoader,1,0,0,1
95b7bd6903ade2738cbabc5878a2d60ae805e0b0c699f4c436fa7ba1c86a1b38,6.727,1,2,45,7.8179,0.3461,4.8146,6275,4.7594,1,0,0,1,7,8,1,5,2,2,0,Trojan.AgentTesla,1,0,0,1
15ab43b08e27807a475cd12edfae2266ee7f670de72cd71189f7b08793e96c2e,7.217,2,47,116,5.1833,0.0329,4.7302,5620,6.4239,0,1,0,2,5,10,0,2,2,1,0,Worm.Conficker,0,0,1,1
3d5db4f5c6fe1261becd3049c0a482f75b1031b8c329ba7e9bdac2400facd6af,4.2534,5,87,412,1.8464,0.0519,3.8789,50000,5.8554,0,0,0,21,1,1,0,0,0,2,0,Media.VLC,0,0,0,0
d1c80094acb32398c748e33f99e636d3b84396eb2efa75b695518f9052f78a81,6.4286,3,2,167,5.1312,0.2965,6.2605,5104,3.3332,1,0,0,0,5,8,1,5,5,0,0,Dropper.GuLoader,1,0,0,1
a772cc9eec9d2217e26f051e5fd0604b67d64f14a3e42452bbc143cec7b8391e,5.683,5,54,109,5.1318,0.0,5.5345,15708,4.972,0,0,0,0,1,0,1,2,5,1,0,Dropper.GuLoader,0,1,0,1
38b96e28513f0de61040fb05b4278613e90bf8ad158ecc482cf9292c43ea3607,3.5969,5,78,281,3.5595,0.0173,3.3787,19812,4.6515,0,0,0,17,0,0,0,0,1,1,0,Microsoft.Office,0,0,0,0
ac9785e2305e851e0c7136e5afef677e14bad766605e6fb35bd4af3310c03066,5.1169,6,30,281,5.244,0.0577,4.47,7408,4.2819,0,0,1,0,6,15,1,6,0,2,0,Worm.Conficker,0,0,1,1
03d7cea01b0028c1401dba6e4cb111cbdf24502e78f59663f5213547664a70d8,7.4273,3,31,93,6.0754,0.0664,5.2492,986,2.9775,1,1,0,2,7,13,2,1,2,1,1,Ransomware.LockBit,1,0,1,1
1fc1b2987fe01b95d5d66460422c7292ac5ebd52a9122042082d6f5f4b7ec94d,2.9551,8,64,413,5.117,0.0,2.4358,10727,4.873,0,0,1,2,1,0,0,0,0,0,0,AV.Defender,0,0,0,0
0e2266f149b03b3295f8f1d7c37528d521fd2211817831046722accdae02bd8a,5.9059,4,101,458,4.1921,0.0607,5.2553,22965,5.5637,1,0,1,8,0,0,0,0,1,0,0,Media.VLC,0,0,0,0
887959d71b475983c50c2076367b5c4752e5fe94583e85d02b5639e07e0f7428,7.8747,2,16,73,6.0791,0.3716,6.4522,307,4.6739,1,1,0,0,2,11,3,1,1,1,0,Dropper.GuLoader,1,0,1,1
61d02133ed0f9e9f2eb7b9b98e5cd67148b34f70ac3556de5170220790e4e62a,5.9818,3,47,66,4.7405,0.0,4.7178,3170,4.0256,0,1,1,1,0,5,0,2,0,2,0,Trojan.Emotet,0,1,0,1
baf555e34775c378c1efe97f2d0d67b923e433d2afada5da824da794203b72b2,2.7856,2,56,418,0.7777,0.005,2.7106,50000,5.192,0,0,0,0,0,0,0,0,0,0,0,Browser.Chrome,0,0,0,0
785d8af96f70e5a63b3c97822a1c8e15cd590f0b830af3721b0cb07e02899cfc,5.1854,3,41,168,5.6222,0.0,7.2912,2095,4.7808,0,1,0,1,4,0,3,5,1,1,0,Worm.Conficker,0,0,1,1
07602b454566b6afb3e26dc942ac2d89c9e9f9b669f58a8a26f50e4e1ccb8630,7.8416,7,73,322,4.8077,0.0554,2.559,19563,5.541,1,0,1,11,0,0,0,0,1,0,0,AV.Defender,0,0,0,0
efc993a8d93b51e763a62b5725b8155ad9b0e49387405e95f43f46c8e176699b,5.8679,5,32,254,3.8946,0.0,6.8897,8342,5.3617,0,0,0,1,7,7,0,4,0,0,0,Ransomware.WannaCry,0,0,1,1
41e22887abcb99d00d6f3cd9db6a4c64164754d0de722c00e097fae3b59536f5,6.4454,4,33,29,4.5201,0.4011,4.6784,8331,1.7269,1,1,0,0,7,4,3,4,0,2,1,Spyware.FormBook,1,0,0,1
b3aa638d5e5eac05a71f88010ef4e8ebcc5d57abae9ee81816d9522200fe4f0d,4.9577,11,86,302,4.814,0.0345,4.1301,50000,7.1452,0,0,1,0,0,1,0,0,0,0,0,Media.VLC,0,0,0,0
b239466f4416b4886d0359a58799ecbc9887e012653e89775ff13015c9ba9002,5.8422,8,42,165,4.7688,0.0,6.8714,7922,5.5119,0,0,0,0,4,12,0,5,5,0,0,Worm.Conficker,0,0,1,1
93cdda07b2a38d74c055009248b7b78f32fe0b4f13f7a1d5143b015c60ad26f4,6.1656,6,70,528,5.1079,0.0,2.9097,24875,6.4834,1,0,1,32,0,0,0,0,1,0,0,Runtime.DotNet,0,0,0,0
ef60404152289ed2bebe47cdc8109677daf6d74daa88101c966e3db4a94a01b4,5.0443,7,85,408,2.3409,0.0514,5.2544,11933,5.4652,0,0,0,13,0,1,0,0,1,0,0,Microsoft.Office,0,0,0,0
eb96f3143e7352d663c79c7236fce52158d9c9ef0a4959d67bdc212e75e731b1,3.083,4,62,633,4.4122,0.0,4.2291,1113,6.3662,0,0,0,21,0,0,0,0,0,0,0,Windows.System32,0,0,0,0
1599038ceb950b4a8d7bafcd58880a30a404e0474644ac3a882f1a628a447954,6.8906,1,24,5,6.388,0.0,3.9062,3850,4.1646,1,0,0,0,6,7,1,1,0,3,0,Trojan.AgentTesla,1,0,0,1
bbbd2b2d2d4cfdb7405a4d8392561539f76bac67b89277b8f90ec75452be710e,5.5578,5,5,293,2.6576,0.0,1.6439,21959,6.5629,0,0,0,12,0,0,0,0,0,0,0,Windows.System32,0,0,0,0
d5827b67f8aa6570b8fcfc27a43c85694910ddc3fa2eaa03b4fe86970c7d3694,5.28,7,111,508,4.7594,0.0105,2.6424,32816,6.2465,0,0,1,22,0,1,0,0,0,0,0,Util.Sysinternals,0,0,0,0
acfb29f7391ae9185d15cc61040fcdc0d378b8bbce414822840ceed4b41c5ba6,4.3182,6,53,463,4.5541,0.0755,3.2367,50000,5.5785,0,0,0,15,1,0,0,0,0,0,0,Dev.VSCode,0,0,0,0
4df57d58b0b94434d6f41f2cd02c17a1048fefa2ea87630a3f50abc545e80d0e,6.9684,1,12,84,7.506,0.3939,8.0,1099,4.2851,1,1,0,0,6,14,0,2,1,1,0,Trojan.Emotet,1,0,1,1
5e885b99af1dc7ae100d842b7e95e934aa187ffd5adaf7ba8953c71e84971d4f,6.1971,1,39,71,7.5955,0.1002,6.6812,2257,3.4555,0,0,0,1,2,0,0,1,2,4,0,Trojan.AgentTesla,1,1,1,1
6ed8926cdd49a58384965ce3fd4c773929dc4d2df681e8cfa97a0a90f08dab46,7.8731,3,40,5,5.2414,0.2042,4.7686,2337,3.551,0,1,0,0,2,1,0,1,0,1,0,Trojan.AgentTesla,1,1,0,1
783914cafbf96ec4a7063a8a3350d23a4514740125ef2fdce69d09f73be00d7c,3.2234,5,79,335,3.3424,0.0,4.4124,1684,6.1208,0,0,0,0,0,0,0,0,1,0,0,Microsoft.Office,0,0,0,0
04c40c538661e85054674d83e2d603f68b13d7c467e7a63caeac6827d3912f8b,7.5208,2,2,69,6.5931,0.3106,6.9829,740,4.1122,1,1,0,1,8,2,2,2,1,1,1,Ransomware.LockBit,1,0,1,1
de29ecf7cb6344fcb9ff07826d0e15e0b2f50e188027bd747a3ca454790c3536,5.7821,6,53,131,5.4945,0.0,6.8785,310,4.4738,0,1,0,0,3,4,3,3,2,1,0,Dropper.GuLoader,0,0,1,1
b4f6fb2e251f5f2560fcbba13337752171546e16721367e3d406c3433c9b98df,3.3726,2,131,408,2.8449,0.036,0.0,18143,5.7623,0,0,1,8,1,0,0,0,0,0,0,Windows.System32,0,0,0,0
f47f05b07233b8948e6e8f9181906990e2b7201247bc16080bfeb1e4c5f125b6,5.5727,6,112,282,4.4385,0.0,3.6552,50000,5.7219,1,0,0,7,0,0,0,0,1,0,0,Windows.System32,0,0,0,0
a4bdd5b421a1152d8ae73716b0b4b91ea32e249a0c447324ae0063de9f720b3c,5.1748,5,45,518,6.352,0.0259,2.1439,1109,5.7064,0,0,1,7,1,1,0,0,0,1,0,Microsoft.Office,0,0,0,0
25ad8b22b1954432926705ecee92a82cc8362d56aa9f43cf4682a1ef1c6db0b6,4.4327,4,94,478,3.5419,0.0211,1.3271,10515,5.4598,0,0,0,22,2,0,0,1,0,1,0,Microsoft.Office,0,0,0,0
f1a029ccf0c087ebfbab1b4f9c7f78959b18f3c12df6269f96cc0127d8f71ee2,6.8105,1,2,70,5.5193,0.0367,4.7241,730,5.0184,1,1,0,2,7,7,4,4,0,2,1,Ransomware.WannaCry,1,0,1,1
f23fffe5dceca4058914ae05f82f03b9693a1ef14b514b52f7b1213e97b90f36,5.9858,4,8,143,6.0805,0.1689,6.6585,14868,4.8798,0,0,0,0,6,6,1,5,3,0,0,Spyware.FormBook,0,0,1,1
f8460e1f874640b8053080c03c221786c2efb23cd060e8b329b48c7afc8b317f,4.9358,4,47,535,4.7641,0.0521,4.4062,50000,4.3164,1,0,1,0,1,1,0,1,0,0,0,Productivity.7zip,0,0,0,0
02a62f9cee566927d3bb2ab4504d53e1706b97a836877df36b608086a9f03f6f,4.523,4,48,430,5.1519,0.0009,4.1876,421,5.0323,0,0,0,0,0,0,0,0,0,0,0,Microsoft.Office,0,0,0,0
168ef9c8086844cb8fa5c0ad6cb7fa2208119f5424b423c0c9aed6977949ed5a,4.6839,4,45,152,4.3949,0.1234,4.2189,2477,4.9083,0,0,0,1,7,10,0,0,3,0,0,Infostealer.RedLine,0,0,1,1
1ae0667315efb6486033e90da3f8167b0761dae43bcd3f80dab657c60698087a,8.0,1,2,25,6.159,0.2865,5.2105,4711,2.3736,1,1,0,1,8,7,3,4,2,2,0,Spyware.FormBook,1,0,1,1
62855ad6212a3d9835fae55461b29a5f285a69ea66d90b424b623ead6572a0e2,5.3718,4,38,115,3.5343,0.0175,3.6943,8007,4.8742,0,1,0,0,3,7,0,4,4,1,0,Ransomware.LockBit,0,0,1,1
60f9be0bd742bacd5c10fcccfd1573f621272b767e5f3d2020c78466e122c75f,5.565,7,41,74,4.5788,0.0,2.2637,2777,4.5922,0,1,1,3,7,13,3,3,0,1,0,Ransomware.WannaCry,0,0,1,1
bceaf56c76f6efd6fa1cae93af01bbe5291c1146794ce402ef0119c1f8112378,4.8159,4,114,449,3.1918,0.0501,2.7536,4413,4.8922,0,0,1,0,0,1,0,0,0,0,0,Microsoft.Office,0,0,0,0
56072abcbd63de8807d0787e9658cf1d0d9fe405bc0ee0fc9204a69c44c941fa,5.0978,8,101,188,5.3141,0.0294,4.5306,50000,4.6107,0,0,0,0,0,0,0,0,3,0,0,Util.Sysinternals,0,0,0,0
3418eed8097b523d64d4ce38c7b99075000fd872e3aee5df294f2678e8bcf933,7.7312,6,20,76,6.3749,0.197,5.9062,2030,3.6516,1,1,0,0,8,4,3,6,1,1,0,Trojan.Emotet,1,0,0,1
8aeae9360b591361217a60687f5fa754d522b9101ddacfaff5dd1ae7655e9f2c,4.7104,5,25,237,2.9263,0.2845,5.7532,2628,4.3096,0,1,0,0,6,7,3,4,2,0,0,Backdoor.CobaltStrike,0,0,0,1
90c53e6e74e924f8ed139475b22cc4fa66cdddfe618ade778608a4b29be17030,5.6969,5,94,321,4.1565,0.0,3.6278,82,5.3505,0,0,1,15,0,1,0,0,2,0,0,Util.Sysinternals,0,0,0,0
e901976d9a047765a3a38f0d55b4cf51bc5b4136207420a0cfb7d6ed27d135a4,6.1002,6,47,131,4.0552,0.0429,4.2134,66,5.1929,0,1,0,1,7,0,0,5,5,0,0,Spyware.FormBook,0,0,1,1
3e02ec924deb4b4744461870e3db63acd49c4db5aec668cbfdca4ded29464540,5.1349,6,73,533,5.0061,0.0012,1.5211,12514,4.86,0,0,1,3,0,1,0,0,0,1,0,Browser.Chrome,0,0,0,0
3e2efac274d38374b96424ca60da185d8d42ada787cc6782ec3b27005b45406b,6.7327,1,33,97,6.6508,0.1034,5.6192,7917,1.9975,0,0,0,0,2,0,0,0,0,2,1,Trojan.AgentTesla,1,1,0,1
72c69ea98d77e309947f773471dcda040aa72c51d89fe0b5e94211116abb0f6b,5.1509,5,59,175,4.9706,0.1802,2.2561,7195,4.2113,0,0,0,2,2,9,4,3,3,2,0,Spyware.FormBook,0,0,1,1
7ec26aa3e12976989c11871efe5cc9f0444a061d6a8cdd30dbd68decc0a30476,7.3785,1,30,73,5.8677,0.2715,3.3685,5070,2.5736,1,0,0,0,3,3,3,2,4,0,1,Worm.Conficker,1,0,0,1
15da02fec6e0405b3ab8b26b1ff2968a0f10e07568626b8e6738df5a8e39d41f,3.9109,4,112,466,3.7571,0.0075,0.4613,2624,7.0291,0,0,1,18,0,0,0,0,0,1,0,Runtime.DotNet,0,0,0,0
e457b81d029d2b7479e0e514508ad672e953c835e7065d2f183c6a386c431743,7.2605,8,20,116,7.0586,0.3477,5.1217,7995,2.8045,1,0,0,1,5,6,2,8,0,0,1,Trojan.Emotet,1,0,1,1
1150c455e80d82777b39880f92ad8c9f73281f5ca3ab80ee48889dbdefd660cf,5.6224,2,122,436,5.3396,0.0,1.4513,13792,5.9022,0,1,0,5,1,1,0,0,1,0,0,Browser.Chrome,0,0,0,0
83fb9eb137be76512e3c3b15cc633865188759174be0ef35defe1ed131ce9c2d,5.6001,7,36,156,4.122,0.0244,2.5788,23243,6.7709,0,0,0,6,0,0,0,0,0,0,0,Productivity.7zip,0,0,0,0
190c5aed687d2ac2c9e81ffb4ccd9360dd0cc0225b2213591cec69f154900555,5.3864,3,68,349,4.4587,0.0401,2.3987,20901,5.8658,0,0,1,15,1,1,0,0,1,0,0,Dev.VSCode,0,0,0,0
31ffe56cdc7cc18bf8d9681d23c62e8a4cd53e9b88b32bc9ebed71117de71904,4.0571,11,112,147,2.3453,0.0345,4.3209,48435,5.296,0,0,0,8,0,0,0,0,0,0,0,Driver.Signed,0,0,0,0
c9684571ab29c290c667ca5224283b89e46f0cf915661615f94a34db4f8fd987,7.2919,4,50,82,6.1369,0.0009,6.0155,3904,3.7444,0,0,0,1,0,0,1,0,3,2,0,Spyware.FormBook,1,1,1,1
c48218c073b6f088ba8913da124e44fd7518f29f391bd453d8e159f71d9e7377,6.772,5,2,20,5.7655,0.107,5.6472,24638,3.7908,1,1,0,0,5,7,0,5,1,5,1,Ransomware.WannaCry,1,0,0,1
8236076adb009e3e7554cecaa4c52625cd1a1e9621ee4bef8ed5b6a10a0b16a9,5.327,5,28,95,5.4114,0.0,6.2996,5439,3.2468,0,0,0,1,4,11,0,3,2,0,0,Trojan.AgentTesla,0,0,1,1
5e4c847e93d83d2f46690a41da733c95708a69d03560ca0d121b2c6db0f564dc,4.507,5,81,200,2.6825,0.0,1.0996,2016,5.6276,0,0,1,8,0,1,0,0,1,1,0,AV.Defender,0,0,0,0
985cbf32afe474f325bb06e3a32a3abbb455f5471ec1f9e4b9be9b99225fda33,8.0,4,13,5,5.9785,0.1235,8.0,2371,3.6109,1,1,0,0,7,8,4,2,2,0,0,Ransomware.WannaCry,1,0,1,1
3a969b73118f2649bdb719d1696fed135db1b2b8a712779c0543a0ef51915f08,6.1505,5,45,116,5.4289,0.0931,6.0904,1504,2.862,0,0,0,2,8,6,0,5,1,1,0,Dropper.GuLoader,0,0,1,1
bba90a7ce8ba916893faebe0095161542dfcde5cb83357538b96847a8e8a5634,7.3977,3,6,117,5.227,0.3424,6.2117,1993,3.7935,1,1,0,0,3,10,1,2,3,0,1,Trojan.Emotet,1,0,0,1
e918d6255d26410c05ef0c5fde5f9907d7f351a05d2daa5026fd5d03755f9d79,5.7893,5,46,101,5.8769,0.0062,5.4672,886,4.401,0,1,0,2,4,7,4,1,0,0,0,Infostealer.RedLine,0,0,1,1
42d23be5dcab6047570db1fdef17be1a45191546dd58a13b78749fc99d8db3f3,7.5434,2,16,76,5.5987,0.3988,5.29,1116,3.9829,1,0,0,0,4,8,1,6,2,2,0,Ransomware.LockBit,1,0,0,1
1375f7c454a5efcce0a9df4593efed23165f78a8da505b7380aee09cb45e2261,5.0371,6,67,232,3.0404,0.0,2.2523,15979,4.9274,0,0,1,2,0,2,0,0,0,0,0,AV.Defender,0,0,0,0
91b3cd960fc6de2e960cee615c1e5099f259fc1fbe719e932c1a0bc25132e049,3.936,5,77,180,6.4528,0.0655,4.4032,20530,5.3302,0,0,0,10,0,0,0,0,0,0,0,Productivity.7zip,0,0,0,0
126e11e1560774e24806d9bab3d8d99b7cdcc1c58ca069012b709a4101d6dcdc,4.8488,6,42,128,4.3867,0.0558,4.925,27928,4.2738,1,0,1,9,0,0,0,0,0,0,0,Media.VLC,0,0,0,0
6ca96020cdaadab57bfd141b6322dfe516ef372cc33af154e8fb592018d107b0,5.8286,3,48,124,4.5943,0.0,2.4252,2325,6.9714,0,0,0,0,2,1,0,1,2,2,0,Trojan.AgentTesla,0,1,0,1
c160dc84f05195f6f909abb7daa552f1a61b83d180d2a654ebbfbccc132af89a,6.1531,5,68,255,3.4832,0.0626,0.0,50000,5.7704,0,0,0,24,0,0,0,0,0,1,0,Productivity.7zip,0,0,0,0
1f11fb2337b59f9ab8bbbb87bc12212e6e7155643aa46d479a217e2e1f14655e,5.1784,5,46,425,4.3989,0.085,5.2858,26439,6.3216,1,1,0,0,1,0,0,0,1,0,0,Runtime.DotNet,0,0,0,0
bd764f2084c3d6942e686d4722c4375bba85d3ddb9d9ef48574624470ab13d69,7.7547,3,8,12,5.865,0.4133,7.7615,22163,3.06,1,1,0,0,3,8,0,4,1,0,1,Infostealer.RedLine,1,0,0,1
51436183f85456276000640f9549f3eb4a9eb7ebfa512ffed28ea2827cbe1e71,5.6806,7,41,300,2.9418,0.0599,1.7048,50000,6.2144,0,0,1,15,1,0,0,2,0,0,0,Browser.Chrome,0,0,0,0
c41c3e7709135f2dad01d85f89ec7e861a0348a97deddffe8cd0779f3b1bb6ab,8.0,2,2,53,6.2502,0.4141,3.469,21772,3.3578,1,0,1,0,5,4,0,5,2,0,1,Spyware.FormBook,1,0,0,1
6425d5a2d3127db76eedf01f9e3882c8a9dd45d765d7f42e63dd65aeac0b6f9e,6.0073,5,40,138,3.5262,0.0,5.0887,1050,4.6548,0,0,0,0,1,7,0,1,1,0,0,Dropper.GuLoader,0,1,0,1
1699213578b89591ae7c3554c97c7fe91cc3501273523f8cc78bfd7483128ce6,7.1405,1,16,40,5.5908,0.3418,6.7372,10003,2.7447,1,1,0,0,5,8,3,3,1,0,0,Trojan.Emotet,1,0,0,1
63e92c56d2e3868bc35d91b246484b41aaa48357f1bf73d8efe988c881cb7810,6.9698,2,2,63,5.2439,0.321,4.3967,22357,2.7951,1,1,0,0,5,10,0,4,3,2,0,RAT.AsyncRAT,1,0,0,1
eba6a3c565db366ab189a628922912964700ff09f38bf71b551eb2ebc48c414e,5.8545,3,89,527,4.329,0.0139,2.7076,50000,4.3616,0,0,0,20,0,0,0,0,0,0,0,Runtime.DotNet,0,0,0,0
e8bf7cc1fdecd057146022daca7754a0b01bb3dcf5527bd86b5ac2cc0369a29d,4.2471,4,104,144,5.5697,0.0448,5.1363,7837,5.38,0,0,0,12,0,0,0,1,0,0,0,Util.Sysinternals,0,0,0,0
a8d71ed127aa52ed8dc91d18e7383e6f6ed0409b31ac524e3387ae9a402525e3,4.0585,4,136,350,4.6603,0.0,2.3302,50000,4.4203,0,0,0,9,0,0,0,0,0,1,0,Windows.System32,0,0,0,0
8b9cafe19253a2852260e871dd35fc879fd6d4e0d91d213c3d496c44e0f057bb,5.091,5,31,79,6.1191,0.0,5.581,467,4.3101,0,1,0,0,6,4,2,2,1,2,0,Ransomware.LockBit,0,0,1,1
343adb06bbd40964e6f1c68c2d39bc5b22b078b31f1f741cb962d3356273e5e4,5.4834,1,21,188,5.5072,0.0938,4.3396,2801,4.7968,0,1,0,1,3,12,3,3,2,0,0,Ransomware.LockBit,0,0,1,1
6f03b7289911e70d93a8dc91fa817296358d430c79263a511ed257341c29b939,7.2078,9,91,218,7.3858,0.0041,2.9973,33396,6.7433,1,0,0,12,0,0,0,0,1,0,0,Browser.Chrome,0,0,0,0
90824cd61eb122b9ce54731b1bf8c828747679a36ad7182f1c7f33cf84a24e73,6.1998,1,19,68,6.5156,0.3234,6.2617,12614,3.8688,1,0,0,2,5,10,4,3,0,1,0,Dropper.GuLoader,1,0,0,1
c053806dc9b28f73cbe1ab57fbd883fb353ce64696039a1dd39fa1c8f4427960,5.3368,4,67,461,4.2637,0.028,2.9913,35105,5.401,0,0,0,6,0,0,0,0,0,0,0,Browser.Chrome,0,0,0,0
9b8be557e9d92c84e695b3ea8507e90976d33496cceb0840bf6cfcbbe6a03791,3.108,7,18,294,4.281,0.0256,4.1382,26906,6.5231,0,0,1,0,0,0,0,0,1,0,0,AV.Defender,0,0,0,0
8a26f70e01651a1ae4a6aec3c7b691ad76b26c3a7a38a450afd3326a50f252a6,5.4612,4,66,529,4.7841,0.0,4.0272,512,5.5375,0,0,1,0,1,0,0,0,0,0,0,Microsoft.Office,0,0,0,0
78c7a46133c60b1496afadf9b14d9a8c4fb695f52a7370358d0bd80c9552e393,3.762,2,21,146,3.0201,0.0786,2.7112,24833,5.8204,0,0,1,0,0,0,0,1,2,0,0,Dev.VSCode,0,0,0,0
